feature;true_parent;Scratch_mean_shap;Scratch_mean_abs_shap;Scratch_rank;Asymmetric_PC_mean_shap;Asymmetric_PC_mean_abs_shap;Asymmetric_PC_rank;Causal_PC_mean_shap;Causal_PC_mean_abs_shap;Causal_PC_rank;Flow_PC_mean_shap;Flow_PC_mean_abs_shap;Flow_PC_rank;Asymmetric_LiNGAM_mean_shap;Asymmetric_LiNGAM_mean_abs_shap;Asymmetric_LiNGAM_rank;Causal_LiNGAM_mean_shap;Causal_LiNGAM_mean_abs_shap;Causal_LiNGAM_rank;Flow_LiNGAM_mean_shap;Flow_LiNGAM_mean_abs_shap;Flow_LiNGAM_rank
X42;True;-0,13281664390075731;1,884279691778799;1;-0,10924900442686111;1,875775917968019;1;0,02416816831284159;0,7734719463721992;7;-0,20567043838440743;0,888542454644781;3;-0,1506864309664523;1,8714002030058499;1;-0,06936289201329497;1,9369019192206212;2;-0,2603083250870222;1,3058471419279607;3
X35;True;-0,06448948056947523;1,0998583517924039;2;-0,04897296463592874;1,0981989490108848;2;-0,07860826315640188;0,49379978765815424;12;-0,09743753130030877;0,6878577525486811;10;-0,0713466037431316;1,1167318723810877;2;-0,027924734197537705;1,2408572922697028;4;-0,21926308533582264;1,4475354586540703;2
X23;True;-0,05326431719115945;0,943831457751247;3;-0,059114511888618715;0,9742287881811869;3;0,05970345057192698;0,44988280720754814;14;0,03320893438844083;0,4249012571655373;14;-0,057397382478247216;0,9392712562693382;3;0,06838335487233484;0,40695813008150494;11;0,03600598285489189;0,41676827619124845;11
X26;True;0,1641241900977116;0,9068148001946377;4;0,18301609499448077;0,9317434654447335;4;0,03952678568782049;0,5447781454635972;10;0,10075843015275115;0,6604400210773604;11;0,16268648276084582;0,8979129552268112;4;0,002686038568324567;0,3352428771863514;14;0,0331724987490109;0,21247372649659257;24
X16;True;0,034847871967383266;0,8380673225879863;5;0,009618372900268592;0,8369283197043571;5;0,08185648868237884;0,6497600699478743;9;0,06032783069103204;0,9122588868679347;2;0,049590367470623314;0,8609413955777283;5;0,0600622413794602;0,3346773406705369;15;0,01350931680252815;0,22721273323587948;19
X5;True;-0,10859811944223623;0,5741000293944951;6;-0,09988466289209424;0,5601471394873504;6;-0,09812032277146919;0,6760090908772624;8;-0,09934273288750317;0,7245841616484371;9;-0,10761260965067602;0,5756788975116496;6;-0,06354872378415544;0,3632996301484825;13;-0,048712879902341626;0,36039404940621994;15
X19;True;-0,08585795829030438;0,5499634687300471;7;-0,09279651019999195;0,5466577315169459;7;-0,02974299895002268;0,32410092210310915;17;-0,012232307995006443;0,24282968370927308;22;-0,05220104801294191;0,540889306503402;7;-0,06586943010345617;0,4804584245461965;8;-0,06877521451875165;0,8370379063706475;5
X39;True;-0,03885977172006216;0,4895242847019712;8;-0,05018214385139112;0,4959145197573866;8;-0,01362653573027207;0,2553275228053632;22;-0,01198783476014106;0,15474758471646102;25;-0,03580365564127434;0,49528877955431766;8;0,01413552278124329;0,4170755356655821;10;-0,014610001340338736;0,21686866554711082;23
X1;True;0,049959228065245484;0,47836956899729466;9;0,06152936406275597;0,47392319305790287;9;0,018567453147026805;0,28513519810676924;20;-0,009206779872494516;0,4134052374389826;15;0,010791349198140208;0,4903454318206958;9;0,01822452889538326;0,3106718484020344;17;-0,008067155674535371;0,4101396982219142;12
X25;True;0,08066189782175316;0,441460188253525;10;0,07681784161554152;0,4301659571966346;11;0,3042914939165878;1,3300879140629618;3;0,03767744532944186;0,6188301786603093;13;0,08891222615212828;0,4299863058867742;11;-0,0005481582204476343;0,18282010819016833;24;0,03007628256240921;0,3807928134625538;13
X44;True;0,02451351849660672;0,43628705508390636;11;0,028539423334410143;0,43581106929364927;10;-0,03378712562849561;0,43791232697763793;15;0,004872254889959564;0,263522312993575;20;0,02608209810854448;0,43954568844704417;10;0,005638062774335283;0,4293229258512664;9;0,012086535151163803;0,5225528206210993;8
X33;False;-0,007949834777180203;0,3664578841396476;12;-0,007189159571224846;0,37976180169089707;12;-0,0035761638881901064;0,31738230925625144;18;0,014083873495796208;0,27637041732552836;19;0,003019373278645366;0,3625622484348916;12;-0,21780755745359806;2,2842222129475656;1;0,03705375480458904;0,5305420551453318;7
X12;False;-0,041373260921849925;0,33139566740615206;13;-0,057182495488977816;0,3267275038167285;13;-0,10217998797135905;0,8249087139976277;5;-0,07277350266589698;0,7835283708670993;6;-0,03914463651796035;0,3430982795326776;13;0,03657399309592078;0,20595909882509067;23;-0,004446063350924814;0,08383969056775116;30
X18;True;-0,005422753481991077;0,30136766768037065;14;-0,006405455238664925;0,3042326668093988;14;0,0071267589552418695;0,1819185848152463;26;-0,04194404341519494;0,1913879367660533;24;-0,001711665208562764;0,30939923318581025;14;0,018236085675952977;0,13719061183052209;37;-0,03888418276285516;0,18366892290197442;25
X31;True;-0,020927046783122925;0,2828807668589041;15;-0,019403291546012755;0,2876062203168667;15;0,020792448972257994;0,20529803874480088;24;-0,014612537434790731;0,3529396469475345;17;-0,015448235859503218;0,2822316119171713;15;-0,034266902518286485;0,3111727523356377;16;0,014919472028533878;0,45091805101799376;10
X2;False;-0,03945103470333162;0,263953943521005;16;-0,05309374248733095;0,2570331379924362;16;-0,21916863345258975;2,7768231327347537;1;0,09344429002843603;1,063690256156802;1;-0,03808678076761003;0,26948438283204107;16;-0,027652528546539424;1,1236451926436324;5;-0,2111396936479079;1,602938214693619;1
X43;False;-0,010846583204258853;0,2213284851163325;17;-0,009679573818314267;0,22027725565012454;17;0,009239494385555049;0,1302364481914713;38;0,0042155080408443684;0,11742659394788085;28;-0,012361285302592335;0,2267055401326575;17;0,034916209206706995;0,27270696219875623;19;0,014900088340249956;0,2875840380339648;16
X7;False;-0,024316989081784347;0,20953575232180138;18;-0,02449969609044457;0,20659335101899892;18;-0,013321237893050617;0,1385659060153762;35;-0,016656313904767607;0,1423245707566538;27;-0,02890294209231567;0,20832898306972525;18;-0,021702688957076704;0,1654724109254491;29;-0,018650107995178827;0,14369421268485977;26
X49;False;0,0076523056907647205;0,19408635998248208;19;0,01623647750675011;0,1946609944572205;19;0,002975558467147096;0,09016076223285097;47;-0,00031459491665470214;0,06442735228225015;31;0,009603993325612742;0,19757079485398585;19;0,023655476959625173;0,09901974262414943;41;-0,0027922792703167277;0,08422362542504329;29
X9;False;-0,007137783022187727;0,165221630216842;20;-0,010592028808020007;0,15761895046658161;20;-0,1350145732480135;1,110748163068215;4;0,055530102045892614;0,7531067714030284;7;-0,008367980298963908;0,16128843249536096;20;-0,10505828629791582;1,1040637993651388;6;0,04484086359461584;0,766284225475267;6
X6;False;0,018725134180408047;0,10521889285763414;21;0,022024025803887227;0,1126574995268122;21;0,01546909979866217;0,5366883705031069;11;0,0753403139084948;0,6378187153148978;12;0,016152744036585828;0,09988779388636265;22;0,27557913250377597;1,2729672629041309;3;0,0807859909580618;0,9008968156316047;4
X17;False;-0,012179456336535778;0,0957897704308464;22;-0,010495098312304047;0,09434997837774729;22;-0,003984306981808851;0,11869337428375941;39;-0,0002419461040581685;0,0800784655146788;30;-0,01401595530711703;0,100102905494418;21;-0,007051128572926688;0,10337361616836509;40;-0,00484054546521721;0,03550968857200979;33
X32;False;0,009331585332895314;0,08604274742719452;23;0,008687473759242902;0,08691485644161977;23;-0,04685027110257046;0,8189443966650025;6;-0,10536309481743769;0,735455810681776;8;0,009279708285096578;0,08696325298187066;23;0,02303509180655337;0,16672367579750486;27;0,02009211656942599;0,2476216542709582;18
X38;True;-0,0102219677301669;0,08189604198963284;24;-0,008477072773016861;0,08186599323393062;24;0,04249011611313472;0,2752545883361189;21;-0,01760795924942603;0,15232938146815073;26;-0,014309259334835655;0,08308860927173255;24;-0,01492883373083746;0,1690257391558899;25;-0,005248722767619467;0,0979458539070201;28
X22;False;-0,004915340009087654;0,08006423077797932;25;-0,0035391936388318944;0,08049345438270293;25;-0,005546454437438551;0,19353609937580657;25;0,002709829195219889;0,29597279004556504;18;-0,004722978251383692;0,07897353057639056;25;-0,0476653615390836;0,1523614738425856;32;-0,010787326504717174;0,10247725435364881;27
X21;False;-0,005798117065040926;0,07300567655793185;26;-0,012618006096881539;0,07379052521455948;26;0,0031313935919487436;0,1790147720653498;27;-0,01612601933339268;0,1150684737007658;29;0,001160675064677924;0,07544798276466799;26;0,00378058741192418;0,029150675115734433;45;-0,0029896349994674985;0,02196595205142184;40
X47;False;0,0038381226933133384;0,056390889475827134;27;0,009764697814577792;0,05743475798193238;28;-0,02259172829990871;0,13381352633547572;36;-0,006416370133534275;0,053878447142474986;33;-0,005583748908651022;0,0554856072759084;28;0,0035188595617832805;0,040041192505445064;44;-0,004124666292354927;0,02653918912689776;36
X41;False;0,017096256354313263;0,055000850808088766;28;0,014685977607443336;0,061782939641150635;27;0,02098846053093983;0,22142343372377465;23;2,3422498820577092e-05;0,05311684798501092;34;0,018141580302262452;0,055650021072877365;27;0,03466313210019063;0,25118727485424275;20;0,042049770837218337;0,22580330535529738;20
X34;False;0,0031721329661299705;0,04465297553255563;29;0,0031211343426209934;0,04438113267285329;30;0,02630311604017269;0,14319139259713085;33;-0,0068874020586692335;0,055426236658565387;32;0,0031222848104619522;0,04457591916635252;30;0,0007552983145720743;0,16175182320985138;30;-0,00658999258443978;0,05562166641953919;31
X3;True;-0,003855793058597995;0,04423229875298249;30;-0,003787349197301461;0,04402748152935899;31;-0,07567306487360208;0,31731282403249794;19;-0,028332986983975586;0,2518213235562049;21;-0,0030176956119788018;0,043853330130250646;31;-0,049002256209166824;0,2853213542788533;18;-0,029817268326206757;0,2702200682459505;17
X24;False;-0,005964678218706919;0,04420660834066562;31;-0,0070189066943564605;0,045223089809478624;29;0,000728571323505454;0,060151780445461496;49;-0,003114774287691732;0,018370743704896567;45;-0,007028950933682177;0,045596598627043114;29;-0,0009701998034667085;0,06829463722808042;42;-0,002295730831547001;0,01346828553718133;44
X13;False;0,0018639902698967747;0,03979002295920607;32;-0,00022995033063230057;0,039488591973033005;32;-0,010980699175987462;0,10726895577612573;44;-0,00417166976608763;0,026916971704486106;38;0,0031238010788028547;0,042824967003841724;32;0,0020968678620239744;0,028597809733283044;46;-0,0037696976271653676;0,02645572361553439;37
X8;False;-0,005920021791638938;0,038927320366996324;33;-0,005496225890744769;0,038106875324146125;33;-0,01567706736119351;0,15492980948459606;30;-0,00015423890664803457;0,0435500273831087;36;-0,005078828001814417;0,038512382632204405;33;-0,011844108457488439;0,16873956857407854;26;-0,0015997584941960918;0,04498313555953949;32
X20;False;0,0023735063431949617;0,034978961883754406;34;0,0033652347377462937;0,03583570771441165;34;0,020579058445912218;0,1081388311889323;43;0,0035357102299720684;0,023482365195778964;41;0,002997070838569443;0,03521630914110718;34;-0,0017663537055190891;0,3654726540012279;12;-0,04331413349173708;0,37012770096366004;14
X45;False;-0,0017919909314447033;0,03031083595737615;35;-0,0016190022481105148;0,03273684044989328;35;-0,014754280176999219;0,14157992532293165;34;0,0022567463114674673;0,038602678885371174;37;-0,0016227758744829038;0,03174301352419439;35;0,0005781724714556457;0,14730875599219911;34;0,0003921371613887032;0,017923021242725403;43
X11;False;0,001166136341438987;0,026193113193978674;36;0,0008884489943804823;0,027008171437761387;37;0,009346056368364991;0,15098679322231273;32;0,002021564061169695;0,024712701843895513;40;0,00037019648999046085;0,026334597245842035;38;-0,0240423908465546;0,1538245346410082;31;0,003776260872876836;0,02262032456000654;39
X40;False;0,0047893040740155665;0,025860607022436123;37;0,0014065379869885263;0,027012625838922014;36;-0,001906543798381542;0,05957323210413017;50;-0,00047369177495587783;0,025209801161077506;39;0,0031102316627368023;0,027338129608189324;37;-0,027378419908441084;0,23055703270275085;21;0,033339556469307426;0,2177606256264549;22
X10;False;0,0005022649004003078;0,02454211779508698;38;0,001475849690154811;0,02371118047738265;38;-0,07131341947457957;1,5078165502321597;2;-0,0629229632425012;0,23273938250409404;23;-0,0004937843153919218;0,02768083161074588;36;-0,0018369468182843785;0,21832357679054848;22;-0,06160551134977111;0,22402108846413873;21
X14;False;0,002623241250312947;0,02252577991939672;39;-0,00023675907383286277;0,022458884906314296;39;-0,0051323295788755115;0,11172073645559757;41;-0,004672245267925158;0,020331132368080866;42;-0,0007296631285844901;0,022476180363256635;40;0,006458825656932182;0,11996223188535259;38;-0,004669051371253755;0,019295587321881046;41
X27;False;-0,002016694332026414;0,022342845807421362;40;-0,003090212413996395;0,020552460315097342;41;-0,030372607584277064;0,15490610494359242;31;-0,01291021347979592;0,04360328512261209;35;-0,0034389779839438354;0,019963226091925534;43;0,0004552405356424055;0,14029962424419606;35;-0,007829933969237746;0,0338076562185281;34
X0;False;0,004097913711879857;0,021046873281359627;41;0,002651189961891386;0,019094572766643038;43;0,040758715626755156;0,1707150261922566;28;-0,022814093633846327;0,3562016399798029;16;0,0067544716033617214;0,0225133542835895;39;-0,08318432336147723;0,7941349837107298;7;-0,02880408534718879;0,48258884789814466;9
X28;False;-0,0030554020261832067;0,020288412062135486;42;-0,003957453050786979;0,020826739042956347;40;0,017438443499124153;0,08018090115587267;48;-0,0043608387752832505;0,011792133487544458;47;-0,0039181396170748116;0,021741105279712545;41;-0,0040304999633423684;0,026654818431631276;47;-0,001410455832883384;0,006841300215822257;48
X30;False;-0,002526124355185186;0,0189217202591093;43;-0,004338301726704593;0,019214443951849593;42;0,013250664993202235;0,16271285872680213;29;-0,0029591000214828638;0,019838852891584574;43;-0,0003048977639661991;0,020492194996997587;42;-0,01742784818297679;0,05290630489286533;43;-0,003929897116607518;0,02496269773706912;38
X4;False;0,00041945914112649516;0,01626464493238345;44;2,551672958060535e-05;0,01607484400798903;44;0,005118652519430009;0,13292417103868528;37;0,0011100421752791919;0,019295644417102308;44;-9,977504243271492e-05;0,015901234013499518;44;0,014227778654032368;0,13731068834774193;36;0,0008720466321965598;0,018767047743340058;42
X29;False;-0,001008578088445639;0,014564096557209168;45;-0,0005930568149007853;0,014424414742416694;45;-0,004560020132509496;0,09067951685587848;46;-0,002141472725730919;0,011887130071632366;46;-0,0011733808294137706;0,0150993664306627;45;0,006413330267106226;0,11514431244878029;39;-0,0020212196509416165;0,011872892121803496;45
X46;False;0,0023720650569016215;0,01268018636578996;46;0,0024714866701824657;0,013396794825792506;46;-0,009671477004789996;0,10861429471368998;42;0,0012472223598538593;0,008342879515287022;48;0,0015981294874531785;0,01166617594672289;48;-0,010376984799347375;0,16653026911518712;28;0,0020934171988049406;0,02755570867869003;35
X15;False;-0,0002901580795919686;0,010353621718776239;47;-0,0005161825757519066;0,01065461150564446;49;-0,060189686370727816;0,4720882765286569;13;-0,16162031506470673;0,8174056913394048;5;0,000938877577006217;0,011177570584831162;49;-0,0022834332471171944;0,01793091970848548;49;0,00043502039641543015;0,005446507017703677;49
X48;False;-0,0014474362441615318;0,010112462036798933;48;-0,001121236664572624;0,012214015850590057;47;-0,01965728219979558;0,11282623030753218;40;-0,0034155725103946436;0,007906839948007774;49;-0,0013701775192161293;0,014900058479249372;46;-0,001223389898942992;0,022417098434773967;48;-0,0034256274227202716;0,007775487335149513;47
X37;False;-0,0009271814765390608;0,0097187402156899;49;-9,492270375238514e-05;0,011613343051703444;48;0,060109408858209014;0,4262567899887814;16;-0,14903707957133688;0,818279363010827;4;-0,00044607407092269526;0,0139667191034025;47;-0,00046370749858631053;0,016915239968775465;50;-0,0001432403889050316;0,003215813343551333;50
X36;False;-0,00019588434483770078;0,00956709723937724;50;-0,0001472537847494644;0,009756487838907986;50;0,012750946012964106;0,10376246657258158;45;-0,0009146841593887447;0,0045556681108691235;50;-0,0003056189186217722;0,00987431653676488;50;0,01584798085838823;0,1475838590371617;33;-0,0020094528660796044;0,008438417627086725;46
