dataset,model,causal_discovery,shapley_method,importance_ratio_true,mean_shap_true_parents,mean_shap_non_parents,true_parents_in_top5,total_true_parents,importance_ratio_discovered,mean_shap_discovered,discovered_parents_in_top5,total_discovered_parents,true_parent_features,discovered_parent_features,true_parent_recall,dataset_type
linear_no_conf_f10_s500_p50,LGBM,PC,Scratch,2.754222358498864,0.5539262585580615,0.2011189317553752,3,5,0.9254121500795411,0.35736042010221586,2,3,"[0, 4, 6, 8, 9]","[0, 3, 7]",0.6,linear_no
linear_no_conf_f10_s500_p50,LGBM,PC,Asymmetric,2.6823612046305647,0.5503159483695693,0.20516101538434048,3,5,0.8899549595831626,0.3476472935113901,2,3,"[0, 4, 6, 8, 9]","[0, 3, 7]",0.6,linear_no
linear_no_conf_f10_s500_p50,LGBM,PC,Causal,3.651833570851089,0.5846458683010392,0.16009652602125096,3,5,1.1579951439554215,0.41169050775034394,2,3,"[0, 4, 6, 8, 9]","[0, 3, 7]",0.6,linear_no
linear_no_conf_f10_s500_p50,LGBM,PC,Flow,5.572364402682384,0.8983460637009617,0.16121452202022582,5,5,0.32760610950903074,0.21741602213141864,1,3,"[0, 4, 6, 8, 9]","[0, 3, 7]",1.0,linear_no
linear_no_conf_f10_s500_p50,LGBM,LINGAM,Scratch,2.754222358498864,0.5539262585580615,0.2011189317553752,3,5,0.16508805890812692,0.06800204430966071,0,1,"[0, 4, 6, 8, 9]",[4],0.6,linear_no
linear_no_conf_f10_s500_p50,LGBM,LINGAM,Asymmetric,2.646753005194933,0.5429439640851191,0.20513586383748392,3,5,0.1554301024873663,0.06350008848363768,0,1,"[0, 4, 6, 8, 9]",[4],0.6,linear_no
linear_no_conf_f10_s500_p50,LGBM,LINGAM,Causal,4.826670296525463,0.6941609167228849,0.14381776132970697,5,5,1.1288595517792328,0.46696285503378104,1,1,"[0, 4, 6, 8, 9]",[4],1.0,linear_no
linear_no_conf_f10_s500_p50,LGBM,LINGAM,Flow,0.5807729262649609,1.2542061729573803,2.159546556385421,3,5,0.2369336796297375,0.43782548601218885,0,1,"[0, 4, 6, 8, 9]",[4],0.6,linear_no
linear_no_conf_f10_s500_p50,NN,PC,Scratch,16.04825292116774,1.3950913017858508,0.08693103907564399,3,5,0.08598155494687149,0.08778420835209828,1,3,"[0, 4, 6, 8, 9]","[0, 3, 7]",0.6,linear_no
linear_no_conf_f10_s500_p50,NN,PC,Asymmetric,15.280590456422443,1.3704189713847328,0.08968363986280024,3,5,0.09423511764691789,0.09446554177282714,1,3,"[0, 4, 6, 8, 9]","[0, 3, 7]",0.6,linear_no
linear_no_conf_f10_s500_p50,NN,PC,Causal,12.820317787703162,1.4205440659864426,0.11080412276121446,4,5,0.12888478755449556,0.1335973475192742,1,3,"[0, 4, 6, 8, 9]","[0, 3, 7]",0.8,linear_no
linear_no_conf_f10_s500_p50,NN,PC,Flow,24.062553528656235,1.5413585684426976,0.0640563174896249,5,5,0.09547805220689885,0.10518305868001417,1,3,"[0, 4, 6, 8, 9]","[0, 3, 7]",1.0,linear_no
linear_no_conf_f10_s500_p50,NN,LINGAM,Scratch,16.04825292116774,1.3950913017858508,0.08693103907564399,3,5,0.026794555776768786,0.021995698489237218,0,1,"[0, 4, 6, 8, 9]",[4],0.6,linear_no
linear_no_conf_f10_s500_p50,NN,LINGAM,Asymmetric,12.911753665489483,1.3723676862259429,0.10628824881425714,3,5,0.012123363026452812,0.009945648749803266,0,1,"[0, 4, 6, 8, 9]",[4],0.6,linear_no
linear_no_conf_f10_s500_p50,NN,LINGAM,Causal,12.829689696821317,1.5349652527453386,0.11964165065704133,4,5,2.37020659484813,1.7245773687623773,1,1,"[0, 4, 6, 8, 9]",[4],0.8,linear_no
linear_no_conf_f10_s500_p50,NN,LINGAM,Flow,0.9221621738701907,0.7971483141727067,0.8644339756717436,3,5,0.9010387141646231,0.7560570224709359,0,1,"[0, 4, 6, 8, 9]",[4],0.6,linear_no
linear_conf_f10_s500_p50,LGBM,PC,Scratch,9.087740603337062,0.715863062521041,0.07877239170516956,4,5,2.064071901978065,0.7412211019211928,1,1,"[2, 3, 5, 6, 8]",[3],0.8,linear_conf
linear_conf_f10_s500_p50,LGBM,PC,Asymmetric,8.960278900938071,0.7227786965026255,0.0806647543556882,4,5,2.18024884215258,0.7833934102005409,1,1,"[2, 3, 5, 6, 8]",[3],0.8,linear_conf
linear_conf_f10_s500_p50,LGBM,PC,Causal,7.348922632799947,0.7118477605063069,0.09686423385778553,3,5,2.0431722910229273,0.7481264870085386,1,1,"[2, 3, 5, 6, 8]",[3],0.6,linear_conf
linear_conf_f10_s500_p50,LGBM,PC,Flow,0.9079873562579208,0.6319711155992234,0.6960131231383657,2,5,0.0,0.0,0,1,"[2, 3, 5, 6, 8]",[3],0.4,linear_conf
linear_conf_f10_s500_p50,LGBM,LINGAM,Scratch,9.087740603337062,0.715863062521041,0.07877239170516956,4,5,0.08994852155781376,0.039316110600382134,0,1,"[2, 3, 5, 6, 8]",[2],0.8,linear_conf
linear_conf_f10_s500_p50,LGBM,LINGAM,Asymmetric,8.445519451055706,0.7395614198712949,0.08756849405856834,4,5,0.07389245644975292,0.033678303680967116,0,1,"[2, 3, 5, 6, 8]",[2],0.8,linear_conf
linear_conf_f10_s500_p50,LGBM,LINGAM,Causal,10.476656697505645,0.7112664972504631,0.0678905988605894,4,5,0.2083943723821972,0.08816518247642816,1,1,"[2, 3, 5, 6, 8]",[2],0.8,linear_conf
linear_conf_f10_s500_p50,LGBM,LINGAM,Flow,0.7538373813304514,2.9771699283463833,3.9493530064693276,1,5,0.10645780976417496,0.40486788404771695,0,1,"[2, 3, 5, 6, 8]",[2],0.2,linear_conf
linear_conf_f10_s500_p50,NN,PC,Scratch,4.181488889773789,1.0708080753597193,0.25608296556245264,4,5,0.7597692861356595,0.5164727922274515,1,1,"[2, 3, 5, 6, 8]",[3],0.8,linear_conf
linear_conf_f10_s500_p50,NN,PC,Asymmetric,4.124259952030653,1.0862547697638216,0.26338174179078716,4,5,0.7380388477799448,0.5114398245271904,1,1,"[2, 3, 5, 6, 8]",[3],0.8,linear_conf
linear_conf_f10_s500_p50,NN,PC,Causal,3.039501810828319,1.011470890751956,0.33277522229088985,4,5,0.7592133703698115,0.5228749405092189,1,1,"[2, 3, 5, 6, 8]",[3],0.8,linear_conf
linear_conf_f10_s500_p50,NN,PC,Flow,1.9418279580636892,1.1918881475631946,0.6137969857801905,2,5,0.0,0.0,0,1,"[2, 3, 5, 6, 8]",[3],0.4,linear_conf
linear_conf_f10_s500_p50,NN,LINGAM,Scratch,4.181488889773789,1.0708080753597193,0.25608296556245264,4,5,0.16087900536997302,0.11651115071640769,0,1,"[2, 3, 5, 6, 8]",[2],0.8,linear_conf
linear_conf_f10_s500_p50,NN,LINGAM,Asymmetric,3.8769891002674646,1.1014195146907508,0.28409146536284213,4,5,0.16570576479880753,0.12524248676444696,0,1,"[2, 3, 5, 6, 8]",[2],0.8,linear_conf
linear_conf_f10_s500_p50,NN,LINGAM,Causal,5.904495109458102,1.0419580317738444,0.17646860780776774,4,5,0.11882860347871108,0.07938735462552102,0,1,"[2, 3, 5, 6, 8]",[2],0.8,linear_conf
linear_conf_f10_s500_p50,NN,LINGAM,Flow,2.5450638931579324,11.418676384158406,4.486597139999513,2,5,0.06331738754889506,0.5555804374586976,0,1,"[2, 3, 5, 6, 8]",[2],0.4,linear_conf
nonlinear_no_conf_f10_s500_p50,LGBM,PC,Scratch,6.0586936887005525,0.2594162377441103,0.04281718982227488,5,5,3.3945851739957087,0.23345937595514193,4,5,"[1, 2, 3, 4, 6]","[1, 2, 3, 4, 8]",1.0,nonlinear_no
nonlinear_no_conf_f10_s500_p50,LGBM,PC,Asymmetric,6.812388425269217,0.2633408213965658,0.03865616652446809,5,5,3.3813496494387683,0.23306914328765288,4,5,"[1, 2, 3, 4, 6]","[1, 2, 3, 4, 8]",1.0,nonlinear_no
nonlinear_no_conf_f10_s500_p50,LGBM,PC,Causal,4.826101493839288,0.24273696378018927,0.05029669684528034,5,5,2.8960806877629053,0.2178212397056845,4,5,"[1, 2, 3, 4, 6]","[1, 2, 3, 4, 8]",1.0,nonlinear_no
nonlinear_no_conf_f10_s500_p50,LGBM,PC,Flow,0.1526718727172887,0.05008564274381044,0.3280607085796145,1,5,0.9027968626417984,0.17941449573353532,1,5,"[1, 2, 3, 4, 6]","[1, 2, 3, 4, 8]",0.2,nonlinear_no
nonlinear_no_conf_f10_s500_p50,LGBM,LINGAM,Scratch,6.0586936887005525,0.2594162377441103,0.04281718982227488,5,5,0.9886116600827307,0.1497367959856103,1,2,"[1, 2, 3, 4, 6]","[1, 8]",1.0,nonlinear_no
nonlinear_no_conf_f10_s500_p50,LGBM,LINGAM,Asymmetric,5.595155163321274,0.2686265524056567,0.04801056352585591,5,5,0.9977120161834422,0.15802864106193032,1,2,"[1, 2, 3, 4, 6]","[1, 8]",1.0,nonlinear_no
nonlinear_no_conf_f10_s500_p50,LGBM,LINGAM,Causal,5.390566078883225,0.25176028075681633,0.04670386691725223,5,5,1.0235597141787762,0.15203157475347262,1,2,"[1, 2, 3, 4, 6]","[1, 8]",1.0,nonlinear_no
nonlinear_no_conf_f10_s500_p50,LGBM,LINGAM,Flow,1.9382038056285793,0.14663899638039343,0.07565716048774185,3,5,3.131047943748605,0.24401039312719613,2,2,"[1, 2, 3, 4, 6]","[1, 8]",0.6,nonlinear_no
nonlinear_no_conf_f10_s500_p50,NN,PC,Scratch,4.406507693053854,0.27472016493548684,0.06234419274214333,5,5,2.9410786426688422,0.2515384425059971,4,5,"[1, 2, 3, 4, 6]","[1, 2, 3, 4, 8]",1.0,nonlinear_no
nonlinear_no_conf_f10_s500_p50,NN,PC,Asymmetric,4.2159693489604875,0.2921057292526382,0.06928554386304099,5,5,2.2708823375245313,0.2509038768037754,4,5,"[1, 2, 3, 4, 6]","[1, 2, 3, 4, 8]",1.0,nonlinear_no
nonlinear_no_conf_f10_s500_p50,NN,PC,Causal,4.4152330464546985,0.26367219240471373,0.059718748621080085,5,5,3.0811473461250998,0.24415073879863294,4,5,"[1, 2, 3, 4, 6]","[1, 2, 3, 4, 8]",1.0,nonlinear_no
nonlinear_no_conf_f10_s500_p50,NN,PC,Flow,0.12013836137356355,0.05947487236797788,0.49505313446921484,1,5,0.9386167616203476,0.26848487659328446,1,5,"[1, 2, 3, 4, 6]","[1, 2, 3, 4, 8]",0.2,nonlinear_no
nonlinear_no_conf_f10_s500_p50,NN,LINGAM,Scratch,4.406507693053854,0.27472016493548684,0.06234419274214333,5,5,0.6670240888384201,0.12043544332539902,1,2,"[1, 2, 3, 4, 6]","[1, 8]",1.0,nonlinear_no
nonlinear_no_conf_f10_s500_p50,NN,LINGAM,Asymmetric,2.834483220762827,0.2934230403641821,0.10351906062270319,5,5,0.7838539989070762,0.16260145756132552,1,2,"[1, 2, 3, 4, 6]","[1, 8]",1.0,nonlinear_no
nonlinear_no_conf_f10_s500_p50,NN,LINGAM,Causal,4.557235621601707,0.28068334981971443,0.06159070391033768,5,5,0.7878222075726323,0.14080049807298153,1,2,"[1, 2, 3, 4, 6]","[1, 8]",1.0,nonlinear_no
nonlinear_no_conf_f10_s500_p50,NN,LINGAM,Flow,2.0946352608774284,0.18964568748530117,0.09053876396879706,3,5,4.209295668070383,0.35915967869008075,2,2,"[1, 2, 3, 4, 6]","[1, 8]",0.6,nonlinear_no
nonlinear_conf_f10_s500_p50,LGBM,PC,Scratch,3.8619105046151687,0.1400476400598964,0.03626382327931544,4,5,6.7744404955308575,0.37859077075027037,1,1,"[3, 4, 5, 8, 9]",[4],0.8,nonlinear_conf
nonlinear_conf_f10_s500_p50,LGBM,PC,Asymmetric,3.9243991489473156,0.14687763185090502,0.03742678210760075,4,5,6.9738997391713795,0.40231894697619763,1,1,"[3, 4, 5, 8, 9]",[4],0.8,nonlinear_conf
nonlinear_conf_f10_s500_p50,LGBM,PC,Causal,2.567477654408906,0.14246682873958413,0.055489023826531945,3,5,4.7547430235060055,0.3421471442041561,1,1,"[3, 4, 5, 8, 9]",[4],0.6,nonlinear_conf
nonlinear_conf_f10_s500_p50,LGBM,PC,Flow,0.2840543685166213,0.0950379207370896,0.33457651516994186,1,5,0.0,0.0,0,1,"[3, 4, 5, 8, 9]",[4],0.2,nonlinear_conf
nonlinear_conf_f10_s500_p50,LGBM,LINGAM,Scratch,3.8619105046151687,0.1400476400598964,0.03626382327931544,4,5,1.8136835841681498,0.11364931314888141,3,5,"[3, 4, 5, 8, 9]","[0, 4, 5, 6, 7]",0.8,nonlinear_conf
nonlinear_conf_f10_s500_p50,LGBM,LINGAM,Asymmetric,3.3172006122016304,0.1407129090945497,0.04241917373853321,4,5,1.689437472715849,0.115039002145785,3,5,"[3, 4, 5, 8, 9]","[0, 4, 5, 6, 7]",0.8,nonlinear_conf
nonlinear_conf_f10_s500_p50,LGBM,LINGAM,Causal,3.652416714457267,0.14971404752495215,0.04099040696324242,3,5,1.725587263914486,0.12073624726436678,3,5,"[3, 4, 5, 8, 9]","[0, 4, 5, 6, 7]",0.6,nonlinear_conf
nonlinear_conf_f10_s500_p50,LGBM,LINGAM,Flow,3.943209598111969,0.6441786647065598,0.16336404359915238,3,5,2.8148007055469684,0.5958559727099331,2,5,"[3, 4, 5, 8, 9]","[0, 4, 5, 6, 7]",0.6,nonlinear_conf
nonlinear_conf_f10_s500_p50,NN,PC,Scratch,1.534114965430564,0.15331444361839366,0.09993673686337093,2,5,4.676611658548156,0.4329864197181677,1,1,"[3, 4, 5, 8, 9]",[4],0.4,nonlinear_conf
nonlinear_conf_f10_s500_p50,NN,PC,Asymmetric,1.0346904956405385,0.16331904657712265,0.15784338144134386,2,5,3.742299568998686,0.4716126824063222,1,1,"[3, 4, 5, 8, 9]",[4],0.4,nonlinear_conf
nonlinear_conf_f10_s500_p50,NN,PC,Causal,1.7036208999678,0.14899020132229185,0.0874550208471309,3,5,3.319557597334721,0.318555892695291,1,1,"[3, 4, 5, 8, 9]",[4],0.6,nonlinear_conf
nonlinear_conf_f10_s500_p50,NN,PC,Flow,0.25585419095554957,0.1367007004624052,0.53429142572128,1,5,0.0,0.0,0,1,"[3, 4, 5, 8, 9]",[4],0.2,nonlinear_conf
nonlinear_conf_f10_s500_p50,NN,LINGAM,Scratch,1.534114965430564,0.15331444361839366,0.09993673686337093,2,5,1.8905370174157574,0.16563729456509846,3,5,"[3, 4, 5, 8, 9]","[0, 4, 5, 6, 7]",0.4,nonlinear_conf
nonlinear_conf_f10_s500_p50,NN,LINGAM,Asymmetric,0.8749937185124745,0.1553470442447689,0.17754075367405525,2,5,2.1283531540732175,0.226477881415186,3,5,"[3, 4, 5, 8, 9]","[0, 4, 5, 6, 7]",0.4,nonlinear_conf
nonlinear_conf_f10_s500_p50,NN,LINGAM,Causal,1.8659403034124766,0.1485186593158105,0.07959453957031529,3,5,1.9046505352351464,0.14957941448797654,3,5,"[3, 4, 5, 8, 9]","[0, 4, 5, 6, 7]",0.6,nonlinear_conf
nonlinear_conf_f10_s500_p50,NN,LINGAM,Flow,2.725233131404037,0.8661939712569714,0.31784215496114615,3,5,2.1351981151452604,0.8063770173731701,2,5,"[3, 4, 5, 8, 9]","[0, 4, 5, 6, 7]",0.6,nonlinear_conf
mixed_no_conf_f10_s500_p50,LGBM,PC,Scratch,13.605615841344346,0.8811897114877156,0.064766617091303,5,5,0.7726033111007444,0.37392748295977535,1,1,"[0, 3, 5, 7, 9]",[3],1.0,mixed_no
mixed_no_conf_f10_s500_p50,LGBM,PC,Asymmetric,11.700674693138396,0.8903245441657355,0.07609172697432967,5,5,0.8390883267250615,0.4120852384606558,1,1,"[0, 3, 5, 7, 9]",[3],1.0,mixed_no
mixed_no_conf_f10_s500_p50,LGBM,PC,Causal,12.359446629120189,0.8729744434328832,0.0706321625578334,5,5,0.7654157411821864,0.3698006151765521,1,1,"[0, 3, 5, 7, 9]",[3],1.0,mixed_no
mixed_no_conf_f10_s500_p50,LGBM,PC,Flow,4.079196331932916,1.1154010871656006,0.27343648022870987,4,5,0.0,0.0,0,1,"[0, 3, 5, 7, 9]",[3],0.8,mixed_no
mixed_no_conf_f10_s500_p50,LGBM,LINGAM,Scratch,13.605615841344346,0.8811897114877156,0.064766617091303,5,5,0.8335026595318599,0.40780835928409864,2,2,"[0, 3, 5, 7, 9]","[3, 7]",1.0,mixed_no
mixed_no_conf_f10_s500_p50,LGBM,LINGAM,Asymmetric,12.62315015189451,0.8797846648692451,0.06969612610820486,5,5,0.8281836022119423,0.40716369057635865,2,2,"[0, 3, 5, 7, 9]","[3, 7]",1.0,mixed_no
mixed_no_conf_f10_s500_p50,LGBM,LINGAM,Causal,12.14313384880969,0.8839351481485437,0.072793000485224,5,5,0.8404741741472759,0.4153029598324805,2,2,"[0, 3, 5, 7, 9]","[3, 7]",1.0,mixed_no
mixed_no_conf_f10_s500_p50,LGBM,LINGAM,Flow,999.0,0.4072485214392813,0.0,3,5,30.301171742414695,0.8993940121524411,2,2,"[0, 3, 5, 7, 9]","[3, 7]",0.6,mixed_no
mixed_no_conf_f10_s500_p50,NN,PC,Scratch,35.94558923451143,1.0079586403897116,0.0280412329260684,5,5,1.1350190440268209,0.5801072404080982,1,1,"[0, 3, 5, 7, 9]",[3],1.0,mixed_no
mixed_no_conf_f10_s500_p50,NN,PC,Asymmetric,30.099541309282735,1.0052786334684973,0.03339847020055645,5,5,1.1194920946270968,0.5745302212573761,1,1,"[0, 3, 5, 7, 9]",[3],1.0,mixed_no
mixed_no_conf_f10_s500_p50,NN,PC,Causal,26.159279595464422,0.9986481411862369,0.03817567443101092,5,5,1.1335233744541857,0.5798891396232801,1,1,"[0, 3, 5, 7, 9]",[3],1.0,mixed_no
mixed_no_conf_f10_s500_p50,NN,PC,Flow,7.116667243076088,1.228428928305128,0.17261295018399025,4,5,0.0,0.0,0,1,"[0, 3, 5, 7, 9]",[3],0.8,mixed_no
mixed_no_conf_f10_s500_p50,NN,LINGAM,Scratch,35.94558923451143,1.0079586403897116,0.0280412329260684,5,5,1.4021045608015137,0.6722288188875436,2,2,"[0, 3, 5, 7, 9]","[3, 7]",1.0,mixed_no
mixed_no_conf_f10_s500_p50,NN,LINGAM,Asymmetric,33.81763517434888,1.006772098799206,0.029770623924728356,5,5,1.401570036021644,0.672391180498403,2,2,"[0, 3, 5, 7, 9]","[3, 7]",1.0,mixed_no
mixed_no_conf_f10_s500_p50,NN,LINGAM,Causal,24.057589752133218,1.0079040678032447,0.04189547158247108,5,5,1.3823752727955863,0.6740597092764831,2,2,"[0, 3, 5, 7, 9]","[3, 7]",1.0,mixed_no
mixed_no_conf_f10_s500_p50,NN,LINGAM,Flow,999.0,0.41195734739298306,0.0,3,5,100.24283005981029,0.9903743581911388,2,2,"[0, 3, 5, 7, 9]","[3, 7]",0.6,mixed_no
mixed_conf_f10_s500_p50,LGBM,PC,Scratch,14.035653188980213,0.5682092180220714,0.04048327572443785,5,5,0.0,0.0,0,0,"[0, 1, 6, 8, 9]",[],1.0,mixed_conf
mixed_conf_f10_s500_p50,LGBM,PC,Asymmetric,13.178463968893434,0.5765253500952767,0.043747537759796014,5,5,0.0,0.0,0,0,"[0, 1, 6, 8, 9]",[],1.0,mixed_conf
mixed_conf_f10_s500_p50,LGBM,PC,Causal,6.536449898800182,0.5534330876720343,0.08466875693082591,4,5,0.0,0.0,0,0,"[0, 1, 6, 8, 9]",[],0.8,mixed_conf
mixed_conf_f10_s500_p50,LGBM,PC,Flow,10.334025935583055,0.8552781130776624,0.08276330235757308,5,5,0.0,0.0,0,0,"[0, 1, 6, 8, 9]",[],1.0,mixed_conf
mixed_conf_f10_s500_p50,LGBM,LINGAM,Scratch,14.035653188980213,0.5682092180220714,0.04048327572443785,5,5,7.657836905285121,0.9995996428095613,2,2,"[0, 1, 6, 8, 9]","[0, 1]",1.0,mixed_conf
mixed_conf_f10_s500_p50,LGBM,LINGAM,Asymmetric,11.739719057065576,0.5690554121518507,0.04847266015359741,5,5,7.317374663277681,0.9981741359179134,2,2,"[0, 1, 6, 8, 9]","[0, 1]",1.0,mixed_conf
mixed_conf_f10_s500_p50,LGBM,LINGAM,Causal,11.520276669211874,0.5711082042539336,0.049574174358175745,5,5,7.613933673344078,1.0172768753218855,2,2,"[0, 1, 6, 8, 9]","[0, 1]",1.0,mixed_conf
mixed_conf_f10_s500_p50,LGBM,LINGAM,Flow,2.167564000217146,0.6301469431213164,0.2907166492238238,3,5,3.4147130658900093,1.0602180127336862,2,2,"[0, 1, 6, 8, 9]","[0, 1]",0.6,mixed_conf
mixed_conf_f10_s500_p50,NN,PC,Scratch,15.551305667312011,0.6077676638671461,0.03908145572269474,4,5,0.0,0.0,0,0,"[0, 1, 6, 8, 9]",[],0.8,mixed_conf
mixed_conf_f10_s500_p50,NN,PC,Asymmetric,12.83480547343128,0.6105291610712886,0.04756824420402132,4,5,0.0,0.0,0,0,"[0, 1, 6, 8, 9]",[],0.8,mixed_conf
mixed_conf_f10_s500_p50,NN,PC,Causal,6.530801297584757,0.5833991822427627,0.08933041378222872,4,5,0.0,0.0,0,0,"[0, 1, 6, 8, 9]",[],0.8,mixed_conf
mixed_conf_f10_s500_p50,NN,PC,Flow,8.531555376877606,0.9101320046577861,0.10667832117979852,4,5,0.0,0.0,0,0,"[0, 1, 6, 8, 9]",[],0.8,mixed_conf
mixed_conf_f10_s500_p50,NN,LINGAM,Scratch,15.551305667312011,0.6077676638671461,0.03908145572269474,4,5,8.182705351111615,1.0861659212144263,2,2,"[0, 1, 6, 8, 9]","[0, 1]",0.8,mixed_conf
mixed_conf_f10_s500_p50,NN,LINGAM,Asymmetric,10.326837867271408,0.6087298508251175,0.05894639372177518,4,5,7.390305233528618,1.0830111975078787,2,2,"[0, 1, 6, 8, 9]","[0, 1]",0.8,mixed_conf
mixed_conf_f10_s500_p50,NN,LINGAM,Causal,11.052859966149716,0.608167982221689,0.05502358521543319,4,5,7.750850711190548,1.0936014247952262,2,2,"[0, 1, 6, 8, 9]","[0, 1]",0.8,mixed_conf
mixed_conf_f10_s500_p50,NN,LINGAM,Flow,2.218491797234649,0.5775898890415654,0.2603525015334884,3,5,5.182851207932125,1.1823481162958507,2,2,"[0, 1, 6, 8, 9]","[0, 1]",0.6,mixed_conf
