feature;Scratch_mean_shap;Scratch_mean_abs_shap;Scratch_rank;Asymmetric_PC_mean_shap;Asymmetric_PC_mean_abs_shap;Asymmetric_PC_rank;Causal_PC_mean_shap;Causal_PC_mean_abs_shap;Causal_PC_rank;Flow_PC_mean_shap;Flow_PC_mean_abs_shap;Flow_PC_rank;Asymmetric_LiNGAM_mean_shap;Asymmetric_LiNGAM_mean_abs_shap;Asymmetric_LiNGAM_rank;Causal_LiNGAM_mean_shap;Causal_LiNGAM_mean_abs_shap;Causal_LiNGAM_rank;Flow_LiNGAM_mean_shap;Flow_LiNGAM_mean_abs_shap;Flow_LiNGAM_rank;Asymmetric_True_mean_shap;Asymmetric_True_mean_abs_shap;Asymmetric_True_rank;Causal_True_mean_shap;Causal_True_mean_abs_shap;Causal_True_rank;Flow_True_mean_shap;Flow_True_mean_abs_shap;Flow_True_rank
X33;0,1903221701945724;1,4683323792618497;1;0,16708973226263743;1,4265872131364148;1;0,2008618329880746;1,623989208800774;2;0,5116148089838631;1,9919961887547972;1;0,2224177710312988;1,512387118037232;1;0,059730850799929194;0,8998364052268434;5;0,08116908668396228;0,2834574132173463;12;0,18918287014473584;1,5116776569111687;1;0,014084832185115219;0,5863535508253243;8;-0,005211364090274737;0,34785526575923015;16
X24;0,06055496875888299;1,4089028463775641;2;0,0613532903880379;1,3968883340241525;2;0,0714247908988182;2,1915812925821205;1;0,030613922885701975;1,8407577771985373;2;0,08526175756181771;1,3795260510114449;2;0,10764928541786595;2,6883729943749173;1;0,034597120179142314;1,8964362064880038;1;0,09322895324179876;1,3847983739844834;2;-0,029959310382388395;1,7211439432510647;1;-0,06533923168651945;0,5142570936986965;7
X47;0,015363943035819583;1,0830659951249582;3;0,0024610673131975403;1,1110615345781374;3;-0,092542976185972;0,5224476186301471;8;-0,04838763009708255;0,3821070017079029;13;0,026542158469805708;1,0757651392515668;3;0,0015165482526423156;1,428640760699214;2;-0,20151174548168488;1,6714296255285996;2;0,029099416396404357;1,0961044475700958;3;-0,09289089885951965;0,528351289039382;10;-0,03685356191322467;0,36186348347739083;14
X46;-0,21436060517698607;0,8656515722355355;4;-0,2033827133567968;0,8626345152498764;4;-0,1538713146683018;0,4097057371809415;13;0,010959642238825942;0,5620473813725794;7;-0,20792458655713833;0,8591348740412088;4;-0,22627672596223594;0,9368947343475452;4;0,005293201109773062;1,1942069785939409;3;-0,2064558892807735;0,8523845667891311;4;-0,14699133246003343;0,4447239356438557;14;-0,08762181911947803;0,5474432820363723;5
X7;-0,07993388992009108;0,7544059949648737;5;-0,02619499137796093;0,7407877779377557;6;-0,0746129243410813;0,3309771210369913;16;-0,05477799098601891;0,39472460695668316;12;-0,14314752110791937;0,7710906351392387;5;-0,06614979891776186;0,3333619730827141;12;-0,03265248808976146;0,23449167129873424;19;-0,11874172260769886;0,7578039024155174;5;-0,0844547312335486;0,44303241893493966;15;0,0036962702713900144;0,1236606658917806;32
X41;0,10859778409406473;0,7486993002117742;6;0,1479260980233664;0,7868099984485193;5;0,07777951402884101;0,3049634361172593;17;0,010275378819985113;0,2574448246750689;17;0,09800345290744909;0,73332848881625;6;0,1869947290935303;0,7432411976466433;6;0,07774278671263891;0,36651114138889646;9;0,12024071986005729;0,7489214818345589;6;0,06854308821582453;0,3043217585927653;20;0,03926065489071032;0,20177733884624297;22
X48;-0,12436252661982956;0,698299104861471;7;-0,11900229917381337;0,6951427854012421;7;-0,0009563258757309057;0,28971131533521866;19;-0,02381033486247378;0,45147635065972475;10;-0,13002528507642713;0,6914301455849483;7;-0,09001999960444619;0,597572503286571;7;-0,03353208559249321;0,876652123923698;4;-0,10760063517895936;0,6955637795456227;7;-0,032352713002619445;0,3173799807481948;19;-0,03564923910095855;0,36653454917593575;13
X39;0,06640768032418602;0,5741888179176315;8;0,07234477950863305;0,5801058055083392;8;0,06288939568811829;0,4224122696251774;12;0,018638136658178407;0,24907082905937603;19;0,06759210116874505;0,5783870504985169;8;0,02479687589968574;0,28244944450567055;14;0,013749057523189548;0,18106803462327523;24;0,056590240281807966;0,5814856735771169;8;0,027737425581346457;0,27695620377193525;21;0,029615455685908235;0,37551698634359765;12
X44;0,09585636642110117;0,5030050077852518;9;0,09931895374808032;0,49865257514326367;9;0,10313112915051616;0,5268835369632346;7;0,12599813381020658;0,7573248695735603;3;0,09779291315800868;0,5004143957247357;9;0,08091759833941949;0,5265675397963243;8;0,1325548254143265;0,7648785197782104;5;0,09541655345643006;0,49636731604883283;9;0,09022258679826406;0,6097387192081273;7;0,22593411341873448;1,0066831378926653;1
X6;0,058553773870923045;0,4563771789160219;10;0,04190108447657312;0,46136786501673965;10;0,07944377561063243;0,38794141189778286;14;0,041777554037774584;0,164202955482509;25;0,04185116203012745;0,45734428694588947;10;0,012119540304018746;0,1364927503358673;26;0,014805255840741861;0,06339260744107697;31;0,05418904263327459;0,44594774844403756;10;0,050560623555819056;1,1327767886908797;2;0,0030143585932755857;0,41950982681038845;10
X49;0,005514474199065944;0,374058187966394;11;-0,028413375017806462;0,3847367864012079;11;0,00494685761148333;0,1931728940533797;24;-0,004570156016033585;0,09513066131827413;30;0,04784165239049115;0,3835927374027536;11;-0,024332520425850837;0,1508517787842178;25;-0,007781618592158292;0,13664653839219554;28;0,00374709548754666;0,37512808208014886;11;0,012649515779274305;0,18731198865326892;26;0,007840749554506796;0,19003996162297032;23
X30;0,02061457816645962;0,34397238638566846;12;0,006180216722363685;0,34570877007296885;12;0,1053745096595277;0,8740062922196259;4;-0,06249072616437354;0,5793872302409766;6;0,006797302045355555;0,3492004016949554;12;-0,03654029948634213;0,15842342896177694;23;-0,010428767510607262;0,21648945450373044;21;0,00032642355565822625;0,3428162716961423;12;0,09683078476108602;0,8735711293068898;5;-0,040885825627245784;0,5072704841182275;8
X0;-0,031971231608892266;0,32167527781118466;13;-0,04301237701820428;0,3300777938960564;13;-0,0508722001909914;0,4345584740165528;10;0,019961198607137992;0,4513219838808309;11;-0,042082477833461585;0,33138266904193453;13;-0,01261391827705887;0,25244654321312965;16;0,008926569198960087;0,17861226382607107;25;-0,04705425252669893;0,33320977125939555;13;-0,02842041888230019;0,4196247878038653;16;0,010971151806270158;0,5163947686849766;6
X40;0,013907824620943771;0,30752079951957967;14;-0,008101405863538896;0,30786814541230995;14;0,015539293255451702;0,19309709127056213;25;-0,012286966674270972;0,15090108155564624;26;0,041353550580990016;0,3221067945501558;14;-0,008234028303941763;0,15646520674763534;24;0,05480779303104815;0,4086205281251793;7;0,014451740031352427;0,31481648170892734;14;0,028665633796773556;0,12316957657758605;31;-0,01433916309894339;0,09178572736269121;36
X15;0,03066990786688073;0,2143091429235938;15;0,03317960676137416;0,214507397826292;15;0,0040508115648823;0,12267425454774995;28;-0,0031976813671437975;0,1644758487382573;24;0,01706258304218209;0,205470673895816;15;0,010060526707581235;0,08798474912416734;38;0,003932708762861508;0,10669904243110626;30;0,019531791762443608;0,2065036488085373;15;-0,005193659589775683;0,25609374136082375;22;0,022022791441062353;0,17158761573565176;27
X2;0,02361533921023446;0,15183292421712716;16;0,018570295986173546;0,1487207465338236;16;0,05186118507023032;0,3002907571759371;18;0,06269708300435564;0,2494769449486743;18;0,01590436254120517;0,14529562453490827;16;0,2524994749073486;1,2105955892210847;3;0,12100808093672885;0,44000756693940263;6;0,007847291426357738;0,14314487862407635;16;0,1661117288194208;0,924938871841089;4;0,016320008569308098;0,2216911390683692;20
X5;-0,015607871939353;0,12557272839965342;17;-0,010469775231946183;0,12502189438614322;17;-0,037278061485847724;0,2734864633721034;21;-0,018432189206301307;0,11176614594157597;28;-0,021349946798238952;0,1265237812758445;17;-0,018591966252170754;0,19908065227631147;18;0,05630119998228207;0,2676369619729589;14;0,0065267192685627765;0,12597487458647547;17;-0,018528309414554484;0,20621251749551234;25;-0,04488522789627546;0,18948062426222706;24
X1;-0,010669202264749518;0,08784763290454217;18;0,001954265764931915;0,087394337013873;18;-0,007148307292076164;0,09688996343955786;35;-0,00031741138644227773;0,05200922888451125;31;-0,0009824445704757904;0,08904902642362628;18;-0,010579364453615556;0,07034237934185102;41;0,0002559580964679202;0,0499420775997904;34;0,0009340576016817933;0,08785206037130516;18;-0,012844530950057222;0,08480093575974969;43;-0,007155965384997703;0,032811556506444385;39
X4;-0,015440659426650887;0,08109423729947282;19;-0,012205502300859452;0,07585821273067904;20;-0,04030310216768763;0,42796184120021485;11;-0,05451859816373389;0,4540321373051209;9;-0,010677313144348268;0,07426112041610056;20;-0,02283924635536914;0,3316705655763321;13;-0,03764856186770584;0,3052047384457371;10;-0,014406926384483699;0,08406655709277104;19;-0,011821720779648442;0,11685404341478717;33;-0,005876768035784757;0,058018963979817616;37
X45;-0,019116878991143463;0,0753424817165342;20;-0,018102084272855982;0,07269301058032944;21;-0,07005739590898265;0,7237640628296889;5;-0,0013023818863938297;0,6731600547981129;4;-0,02227684054070188;0,07701527578737832;19;-0,011975955391181698;0,09961824592816658;36;-0,0014620693275753374;0,05907244672562847;32;-0,01660805683836446;0,07310338938395516;20;-0,04655058509734753;0,8423812259629112;6;-0,14284979263995182;0,6743847617519708;2
X13;-0,009142139595312742;0,07283493179397853;21;-0,01258477327768275;0,08336367920645364;19;-0,005270512283316784;0,08957341297470638;37;-5,17051139274332e-05;0,02887936604734617;34;-0,000593232490877213;0,07051559835359232;21;0,008209397165929735;0,12090715892081073;30;-0,03177856172438478;0,2530947657863513;16;0,0026083031854967666;0,07214929515042998;21;-0,01377586637058385;0,16159365860152802;28;0,005969325593674366;0,13994760563109288;28
X19;-0,001811628826289296;0,06001304218582099;22;-0,00637005397760965;0,060491022362496;22;-0,0022286084706046616;0,06105270829358775;44;-0,0007822416422080958;0,017558303197376526;45;0,00017521668957396727;0,0609327222971602;22;-0,026124300719101254;0,16414605696350482;22;0,005215298940973632;0,16898477884041782;26;-0,0025441719393908134;0,06222313892890728;22;-0,001575975394759953;0,05691325603094203;48;0,0007670428558419084;0,009406504321038595;49
X37;0,012261639599444547;0,056468657027235095;23;0,01232194262310776;0,05815119578815325;23;-0,014566192909594147;0,10454262613183722;32;0,009112054925661233;0,047686122115675224;32;0,00886566277224857;0,058858406587962195;23;0,012748884851856766;0,053353547564042356;44;0,004420794058243716;0,016692917589226704;44;0,008290858516117501;0,05664517690757718;23;0,0061011137198818165;0,11315264633533134;35;0,00327919099079004;0,04461387380118422;38
X12;0,004873823150377109;0,054765221586723846;24;0,005326845407169394;0,053671132907647634;24;0,0020220291461529117;0,27672791034410443;20;0,03117084607600014;0,2592798063166201;16;0,0014278118453391062;0,05175795728011658;24;0,052276380893349676;0,35905862996987176;11;0,023176699165630033;0,2607842450112625;15;0,008410526938703615;0,05480902738173374;24;0,01771164388468208;0,24946174505985205;23;0,01342631915417445;0,17722716654416748;26
X38;0,01706691564110706;0,050204759159523854;25;0,016927208372636095;0,05244704411943353;25;0,017856697948033923;0,060038247660371705;45;0,006321165626260823;0,017614025530263082;44;0,016146739249079736;0,050304670400907324;25;0,08525665363054921;0,38679371983664945;10;0,031860669313853424;0,21459993499945676;22;0,014541192993346368;0,049301345319863216;25;0,045558132815386225;0,39566404505363983;17;0,03477569651975445;0,2079745744339036;21
X42;0,0009634816496769284;0,04792699411176522;26;0,0073911361879367195;0,04779179481745024;27;-0,004450875082701672;0,09872958111658903;34;-0,0016971535223279587;0,11226681931222979;27;-0,0010075898941511291;0,04513808573476925;28;-0,002332117901941566;0,11737027185099104;31;-0,0008046009156114118;0,1476780709418947;27;-0,0019888621889584375;0,043437745591674626;27;0,024106779377052433;0,11143642256933478;36;-0,05177946342479168;0,4751892268585418;9
X20;0,005243255757166436;0,046771836156772745;27;0,008240297152026005;0,04841698581930005;26;-0,0005457717677999601;0,04497635508883434;49;0,0009577591755764274;0,019894688526158392;40;0,0012870918083101313;0,04699253653221829;27;0,005659925193175098;0,03753371513700547;46;0,0005523338114716932;0,016302660115130742;45;0,006237417372456389;0,048514310908544404;26;0,0026992163714326073;0,03825636046910174;49;-0,0010166910808531073;0,015005701352905958;46
X10;0,006113295865061862;0,04317461692204984;28;-0,004942645067555523;0,03956258189070399;29;-0,07512617931587261;0,4892958966819029;9;-0,016652850763949466;0,3425808438733068;14;0,014609836058781118;0,049518976753506756;26;0,006787309224084921;0,1017564135224967;34;-0,024502374622522777;0,28401937308627173;11;-0,004840647316557583;0,039589650241323444;30;-0,0639586139624375;0,37746504156397725;18;-0,033305498205858805;0,3204615855932583;18
X22;-0,0012625055162769744;0,04264631926913126;29;-0,0025667487224776127;0,04158909810726816;28;0,005081206115006885;0,11764706259877959;29;0,004792376085448158;0,04537309755163422;33;-0,003000802549200132;0,041814544411268015;29;-0,012630322085758683;0,11484324960346987;33;0,004270195829456564;0,04547140345480403;35;-0,002558512267640888;0,0428121539906239;28;0,001902905427826028;0,08753061015931296;42;0,0011684736922679265;0,025310614476618216;41
X35;0,002966308268071163;0,03827654655568584;30;0,003252720191603359;0,038240895371226956;30;0,01340012122963147;0,09403531162365387;36;-0,0018297058180401695;0,02032674961468826;39;0,002298742807420254;0,03826164160161398;32;-0,0004493867464401481;0,055011685655607566;43;-0,0034893061445055696;0,02086573649262705;40;0,0031734514723723785;0,03832199582089226;31;0,007895168665687841;0,10805482083709737;38;-0,0032295575645347727;0,12944707393844074;31
X25;-0,001749229103658492;0,03668194962322233;31;-0,0006490550077788679;0,03813826623371576;31;0,002392132863094037;0,0566896208306105;47;0,00283460082160238;0,02301221833604479;35;0,0006328911608789341;0,039755628955147795;31;-0,0041293633179208256;0,024124745053914237;47;0,0035136387909822163;0,021854007722595978;38;0,00021801927542383504;0,03973668342567406;29;-0,0017911455260068365;0,02970818619757042;50;-0,003570722864339091;0,016707971187142373;44
X8;-0,005900460103895624;0,032891234807619664;32;-0,005592937105657083;0,032921684147154406;33;0,002530442539651816;0,07038376013979784;42;-0,007077807558936483;0,11045577472651694;29;-0,007846043250097108;0,03287227459767355;34;-0,0016253686459865636;0,17810571236436168;20;-0,032968131825572594;0,24403738259899807;18;-0,007331245305666732;0,03165234422852309;33;-0,01673766447158094;0,1043910707137373;40;0,0036979716392055465;0,11852048065255402;33
X17;-0,004291146126192521;0,032116478314940286;33;-0,008834707222302698;0,0353941059510788;32;-0,010356192418962226;0,1367135012601088;27;-0,0160853523963596;0,1746991338523276;23;-0,010534369048151202;0,04093249158196168;30;-0,0017052694804162787;0,012924392588003946;48;-0,0006810713124361842;0,0066835489613024076;48;0,00098268409782158;0,029790208683969324;35;-0,00524971839717556;0,13774885428890393;30;-0,01755140287478738;0,11468085899865804;35
X18;0,005190680892418241;0,03130187916655013;34;0,005585416602508086;0,03198729084890013;34;0,013517997449169417;0,07097333601792169;41;0,002053506551522493;0,02286309330589087;37;0,00895401635451467;0,033823969111851926;33;0,00814059326734316;0,087286054216158;39;0,00157347852048446;0,023060474709321113;37;0,005468421873726201;0,030643247085318914;34;0,003392555512330747;0,11604574348892106;34;0,002938287226156115;0,01815586991979344;42
X21;0,005611075198705239;0,02992055326415361;35;0,006089197731335516;0,027638996439083043;36;0,07930229852624021;0,9810932265792383;3;-0,08901029215731754;0,6034712431669774;5;0,0014251977195271282;0,026744778502032475;36;0,043136993376413815;0,21859385767648218;17;-0,014602249167589388;0,25182426674585523;17;0,007346166020652137;0,03172695208095583;32;0,08474773492336136;0,9672282436481011;3;-0,0414318264563576;0,5822484370278879;4
X31;0,0023396185111230197;0,027873974319716353;36;0,0016944534325679952;0,025104783694470466;37;-0,024812773518888172;0,3418070415780655;15;0,023149782534339212;0,24601771004800746;20;0,0008263721820966957;0,02509864804139783;38;-0,04687156296545458;0,4549018711909348;9;0,09776091337893095;0,37818538840914;8;0,00018057534589036131;0,02455507516879651;37;-0,017786591793688352;0,46204326233452525;13;0,013857527173760192;0,5878116499580923;3
X28;0,0008989710690180948;0,02702544061656322;37;-0,002397237668137463;0,029028637891230447;35;-0,00640810665344799;0,06763521548194343;43;-0,0024437014755331003;0,01512470193949391;46;-0,005748096684533175;0,02919016992943622;35;-0,007414887550772995;0,07348421508527028;40;0,0007111069317496391;0,11469256033159698;29;-0,005320482536990238;0,028417532767471138;36;-0,026815942659172167;0,08335614591900889;44;0,0009997020434903338;0,015800944395744677;45
X23;0,0021364480413057062;0,024524692375663047;38;0,0009111566324162572;0,024256791985855602;38;-0,011651665805601886;0,07793265077742116;39;-0,0006269899967772122;0,010029163081623516;49;0,003457713935756146;0,025582396793406702;37;-0,05660235190523061;0,19826093677794357;19;0,0010868349950732387;0,02790516281288437;36;0,00021910542116924714;0,023557340157522203;38;0,013449078502780334;0,07076862562945191;47;0,0008913274450869164;0,007433287994282125;50
X36;-0,0046172423176370605;0,02267769387540028;39;-0,00347480299162258;0,02363005494130994;39;-0,005062570267902242;0,03873547108264068;50;-0,001130404131445286;0,0065315101261494805;50;-0,0033507271289518986;0,022053531525342368;40;-0,01602192489379295;0,0941460077241942;37;-0,0022677138520463616;0,014141526746377397;47;-0,00521239557149545;0,021471302357768146;40;0,13111143688199006;0,48498980239414924;12;0,008542690952089798;0,11749647723722573;34
X43;0,003858447225717906;0,02123551951740545;40;0,004794519778322486;0,021800686247250747;40;-0,002461244871897108;0,05571055343517415;48;0,003922353180181861;0,014970099148380833;47;0,00542610988546047;0,0203071354875316;44;-0,038219444505635;0,2661124664688338;15;0,0838003589785;0,2695664016344621;13;0,004777673050820775;0,02178558763323081;39;0,01013017440717572;0,0748249187499267;46;0,00025243283160807263;0,011242798742776207;47
X32;-0,0014551524295685842;0,021029651823028295;41;-0,0005337133023634062;0,018676995959513235;44;-0,03545737863851855;0,5347381924982649;6;-0,03708476234147064;0,5225662345563954;8;-0,003322049647954357;0,021978373450582463;41;0,002327702484817616;0,04121737839865491;45;0,01096705247004554;0,05709923246300141;33;0,00046848817730621456;0,019336438281379143;44;-0,04312524614498157;0,5145258349827256;11;0,021089169595639376;0,4162605104625229;11
X27;0,00212407183127348;0,017639943697754897;42;0,0033969043071591766;0,019832782637709594;42;0,004704273336171391;0,10343456977184493;33;0,0047294916461011905;0,018515264764723496;43;0,0031004712267806798;0,01880562769877838;45;-0,01040374776947592;0,13533152078009278;27;0,0046974269350253195;0,01789589354435097;43;0,0017186006560446318;0,01951501689783147;43;-0,014276616295112721;0,07781311615781367;45;0,003462817981356917;0,028870159145439965;40
X9;0,00040828425911584545;0,01744995153096887;43;-0,0022732726913504086;0,014425878473501054;45;-0,023991601276909195;0,22760600189067365;22;0,01275457229631478;0,2449964919655863;21;-0,0031092298657757573;0,02238912897062879;39;0,011518628497350383;0,12530762686750227;29;0,01575186901587235;0,181094886329816;23;-0,003693120087927229;0,01176262179253472;49;0,00040884132161681517;0,16837502960871453;27;0,0072840105885896116;0,17763596154347558;25
X29;0,0010715841407458486;0,016512366058796465;44;0,0021876577479570058;0,02034211876327149;41;0,00015817359558827182;0,05988940336622453;46;0,003269754276895366;0,014577903496977698;48;-0,0020962968580164336;0,021674714403283883;42;0,005271560421696676;0,10138181586030161;35;0,002153936841523107;0,021753123375410088;39;-0,0027160040827114177;0,016651454863253933;45;0,013435530880090717;0,10775959716574002;39;0,0009228412983221805;0,010678871740536442;48
X26;0,0018081821266435912;0,016492111611722288;45;0,008037799706606012;0,019738795569483675;43;-0,00169911046513962;0,200585951083125;23;0,013552261753919024;0,24428704122123274;22;0,009345029839455957;0,021037621403593523;43;0,003148105221561391;0,012350891299108258;49;0,0005871921035767003;0,015378083103158026;46;0,008417844186564095;0,020684215156626468;42;0,012538562229299935;0,13839447766565433;29;0,008752142436919118;0,2284017999301077;19
X34;0,0022274915022861843;0,01532564098684209;46;0,0019429555983532995;0,013416053161703604;47;0,025951808563294477;0,10455457277215835;31;-0,0005930670699190955;0,01920419279068515;41;0,0010374735085512024;0,009917470520018153;50;0,010590923952643907;0,1284113086255759;28;-0,0007218594124014039;0,020134898200411377;41;0,003199152089820557;0,020749367688476177;41;0,014304690944468162;0,09873771516242373;41;-0,0042864768003187635;0,34835306115880416;15
X11;-0,005072618890329231;0,014447672677802767;47;-0,005413903999711172;0,01413528721626995;46;0,023605647482506268;0,1115482848730029;30;0,001041350311544002;0,01902753745412947;42;-0,005821225950078636;0,014394847019012457;47;-0,004621044395914269;0,11521798774124566;32;0,00032584816645888433;0,01954611945616362;42;-0,0054973558529906605;0,014435852097014139;46;0,012856275566825483;0,12043807888940516;32;-0,0007232572866104515;0,01805754194002883;43
X16;0,0014850444841234397;0,013641418813751208;48;0,0021796283353635267;0,01252727849149609;48;0,018356277931878853;0,07308907403182956;40;0,0065079042683056434;0,022889636203860402;36;0,0011259065298546275;0,017812148273338664;46;0,003255940376461272;0,01004844342721298;50;0,0018547907120027795;0,005602430210256071;49;0,0024729174969775145;0,01256847098954205;47;-0,010358139273528766;0,5415006965685262;9;-0,010057005040519451;0,3433234829085449;17
X14;-0,000455420326227126;0,01265448941670056;49;0,002879093635605466;0,012470506146887378;49;-0,011038035961196012;0,08215019883914099;38;0,001844554265408188;0,020904959285955944;38;0,0016199205683445639;0,013060336294207275;48;0,003016906376555542;0,0590703959741661;42;-0,00015159790696215417;0,003940800808778852;50;0,003544283849796613;0,01234106804863077;48;0,003615459192353185;0,11137867972599512;37;0,004431331019331391;0,13132962780745416;30
X3;-0,0008615051113312908;0,006089030092884648;50;-0,0003744340679100414;0,006052416605453713;50;-0,0028672587458698066;0,1699038800962478;26;-0,07205242318541095;0,3109181979412874;15;-0,0047413763908504035;0,009930922024931538;49;-0,019780902659892602;0,16675185267829548;21;-0,03309961022873943;0,22306199622915113;20;-0,0004728015192092841;0,006540728275676142;50;-0,015366273494242966;0,23062307890599407;24;-0,0024841044937309524;0,13949066430938678;29
